event_id,event_date,event_end_date,year,month,district,state,block,gram_panchayat,village_locality,river_stream,catchment,event_type,trigger,severity,flood_description,affected_population,deaths,injuries,houses_affected,roads_bridges_affected,agricultural_damage,infrastructure_damage,evacuated_population,latitude,longitude,location_precision,location_source,source_title,source_organization,source_publication_date,source_url,secondary_source_url,source_reliability,evidence_quote,confidence,data_notes
CHAMOLI-FLD-2005-001,2005-07-06,,2005,7,Chamoli,Uttarakhand,Ghat,,Ghat town and surrounding settlements,Chuflagad,Nandakini,flash_flood,cloudburst,severe,Cloudburst in upper catchment triggered high-velocity flash flood in Chuflagad rivulet inundating Ghat market and washing away riverbank infrastructure.,,4,,8,Ghat motor road damaged and 1 pedestrian suspension bridge destroyed,Agricultural terraces along Chuflagad eroded,River embankment breached and several shops inundated,,30.2568,79.4442,locality,Survey of India Open Series Map geocoding,Disaster Management Report on Chuflagad Flash Flood,Disaster Mitigation and Management Centre Uttarakhand,2005-08-15,https://dmmc.uk.gov.in/files/pdf/Ghat_Report.pdf,,Tier 1,A devastating flash flood occurred on 6 July 2005 in Chuflagad river following cloudburst in Ghat block,high,Strictly verified from DMMC post-disaster field investigation report.
CHAMOLI-FLD-2010-001,2010-09-18,2010-09-20,2010,9,Chamoli,Uttarakhand,Joshimath,,Joshimath downstream / Alaknanda bank,Alaknanda,Alaknanda,river_flood,extreme_rainfall,moderate,Sustained rainfall caused Alaknanda to breach danger levels eroding riverward toes and flooding river terraces.,,,,2,Badrinath National Highway (NH-58) breached by river overflow at several stretches,,,30.5564,,,Survey of India gazetteer geocoding,State Disaster Situation Report September 2010,Uttarakhand State Disaster Management Authority,2010-09-21,https://usdma.uk.gov.in/situational-reports-2010,,Tier 1,Continuous rainfall across Chamoli caused Alaknanda to flow above danger mark inundating low-lying banks along Joshimath route,high,Part of the September 2010 statewide continuous monsoon flooding.,
CHAMOLI-FLD-2012-001,2012-08-04,,2012,8,Chamoli,Uttarakhand,Joshimath,,Pulna village,Bhyundar Ganga,Alaknanda,flash_flood,cloudburst,severe,Flash flood caused by cloudburst washed away footbridges and eroded agricultural land in Pulna along the Hemkund Sahib trek route.,,1,,5,3 wooden bridges washed away,Agricultural terraces abutting stream washed away,Pilgrim trek path washed away,,30.6865,79.5841,village,Bhuvan Village Boundary / SOI geocoding,Damage Assessment Report: August 2012 Cloudburst Events,Disaster Mitigation and Management Centre Uttarakhand,2012-08-20,https://dmmc.uk.gov.in/files/pdf/August_2012_Report.pdf,,Tier 1,On 4 August 2012 cloudburst in Bhyundar valley caused sudden flash flood at village Pulna damaging foot suspension bridges,high,Official DMMC geological field assessment conducted post-event.
CHAMOLI-FLD-2013-001,2013-06-16,2013-06-17,2013,6,Chamoli,Uttarakhand,Joshimath,,Govindghat,Alaknanda and Bhyundar Ganga confluence,Alaknanda,flash_flood,extreme_rainfall,extreme,Simultaneous surge of Alaknanda and Bhyundar Ganga inundated Govindghat settlement washing away vehicles parking ground gurdwara facilities and foot suspension bridge.,,5,,45,Suspension bridge to Hemkund Sahib washed away and NH-58 swept into gorge,Substantial erosion of riverbed terraces,Gurdwara guest rooms market area and primary vehicle terminal submerged and eroded,1500,30.6247,79.5968,locality,Official GSI Disasters Record / Survey of India,Geological Survey of India Post-Disaster Report on June 2013 Floods,Geological Survey of India,2013-12-01,https://www.gsi.gov.in/webcenter/portal/OCBIS,,Tier 1,Govindghat located at confluence of Alaknanda and Bhyundar Ganga suffered massive devastation due to sudden flash flood washing away the bridge and parking ground,high,One of the focal disaster zones documented across GSI DMMC and multi-agency assessments.
CHAMOLI-FLD-2013-002,2013-06-16,2013-06-17,2013,6,Chamoli,Uttarakhand,Joshimath,,Lambagar,Alaknanda,Alaknanda,river_flood,extreme_rainfall,extreme,Violent surge of Alaknanda submerged and washed away riverside settlements market structures and segments of NH-58 near Vishnuprayag HEP reservoir.,,2,,20,Over 500 meters of NH-58 completely washed into river,Extensive loss of riverside arable land,Riverbank commercial establishments and barrage approach works inundated,,30.6402,79.5516,village,Survey of India Open Series Map geocoding,Rapid Assessment of Cloudburst and Floods in Uttarakhand,National Institute of Disaster Management,2013-10-15,https://nidm.gov.in/PDF/PUBS/Uttarakhand_Disaster_2013.pdf,,Tier 1,At Lambagar Alaknanda river engulfed parts of highway and houses along the river bank,high,NIDM/DMMC post-disaster study confirmed site coordinates and specific river bank failures.
CHAMOLI-FLD-2013-003,2013-06-17,2013-06-18,2013,6,Chamoli,Uttarakhand,Joshimath,,Pandukeshwar,Alaknanda,Alaknanda,river_flood,extreme_rainfall,severe,River Alaknanda breached embankments eroding foundational riverbank terraces and inundating houses situated along the pilgrim route.,,1,,14,Connecting road cut off,Crops and apple orchards washed out along riverbed,Local power lines and primary pathway washed away,250,30.6469,79.5372,village,Census of India 2011 Village Registry geocoded,Uttarakhand Disaster June 2013 Rehabilitation Dossier,Uttarakhand Disaster Recovery Project (UDRP),2014-03-31,https://udrp.uk.gov.in/reports,,Tier 1,Pandukeshwar village witnessed heavy river bank erosion and flooding of residential houses close to the active channel of Alaknanda,high,Detailed under World Bank / UDRP village recovery action plans.
CHAMOLI-FLD-2013-004,2013-06-16,2013-06-18,2013,6,Chamoli,Uttarakhand,Tharali,,Tharali market and riverfront,Pindar,Pindar,river_flood,extreme_rainfall,severe,Pindar river overflowed embankments flooding Tharali market collapsing riverfront houses and washing away pedestrian bridges.,,3,,30,Motor bridge approach damaged and 2 foot suspension bridges washed away,Riverside agricultural land submerged in silt,Market shops bank branches and electricity infrastructure flooded,,30.0631,79.4975,town,Survey of India geocoding,Pindar Basin June 2013 Flood Assessment,Uttarakhand Forest and Disaster Management Working Papers,2013-11-20,https://forest.uk.gov.in/publications,,Tier 1,Pindar river swelled dangerously flooding lower reaches of Tharali market and destroying concrete buildings along its banks,high,Extensively verified by District Magistrate Chamoli situation releases.
CHAMOLI-FLD-2013-005,2013-06-16,2013-06-17,2013,6,Chamoli,Uttarakhand,Karanprayag,,Karanprayag confluence (Alaknanda-Pindar),Alaknanda and Pindar,Alaknanda,river_flood,extreme_rainfall,severe,Torrential water volumes from both Pindar and Alaknanda submerged confluence ghats commercial buildings and municipal pump house.,,0,,18,Badrinath highway bypass inundated and damaged,Riparian farmlands silted,Municipal pump house submerged and market structures submerged up to first floor,,30.2589,79.2198,town,Survey of India geocoding,Central Water Commission Flood Forecasting Log June 2013,Central Water Commission,2013-06-25,https://cwc.gov.in/flood-reports-archive,,Tier 1,Alaknanda and Pindar rivers at Karnaprayag flowed 3.5 meters above danger level drowning ghats and market infrastructure,high,CWC gauge station readings matched with local district reports.
CHAMOLI-FLD-2016-001,2016-07-01,,2016,7,Chamoli,Uttarakhand,Ghat,,Siron village,Local stream / Chuflagad tributary,Nandakini,flash_flood,cloudburst,severe,Sudden cloudburst early morning triggered massive mud and water torrent that swept through Siron village burying livestock and homes.,,3,,7,Connecting village road cut off,Agricultural fields flattened by heavy debris load,Cow shelters and drinking water pipelines destroyed,,30.2315,79.4678,village,Census of India 2011 Village Registry geocoded,SitRep: Cloudburst incidents in Chamoli and Pithoragarh,National Disaster Management Authority,2016-07-02,https://ndma.gov.in/sitreps/2016-07-01,,Tier 1,At Siron village in Ghat tehsil of Chamoli district cloudburst triggered flash flood burying residential structures,high,NDMA/SDRF coordinated search and rescue documentation.
CHAMOLI-FLD-2016-002,2016-07-01,,2016,7,Chamoli,Uttarakhand,Ghat,,Lakhi village,Chuflagad tributary,Nandakini,flash_flood,cloudburst,moderate,Flash flood torrent carrying silt and boulders rushed through Lakhi village following cloudburst destroying agricultural fields and cowsheds.,,0,,4,Village link path breached,Extensive debris deposition over terrace farms,3 cowsheds washed away,,30.2241,79.4589,village,Census of India 2011 Village Registry geocoded,Chamoli Cloudburst Incident Status Report,Uttarakhand State Disaster Management Authority,2016-07-03,https://usdma.uk.gov.in/reports-2016,,Tier 1,In Lakhi village of Ghat block flood water inundated residential premises following cloudburst,high,Verified simultaneously with Siron incident under USDMA disaster docket.
CHAMOLI-FLD-2017-001,2017-07-16,,2017,7,Chamoli,Uttarakhand,Joshimath,,Vishnuprayag,Alaknanda,Alaknanda,river_flood,extreme_rainfall,moderate,Surge in Alaknanda river washed away temporary riverbanks and triggered mud flows closing highway and inundating downstream structures.,,0,,1,NH-58 blocked due to river erosion and boulder deposition,None reported,Temporary labor sheds submerged,,30.5639,79.5762,river_site,Bhuvan / Survey of India,Border Roads Organisation Operational Dispatches - NH-58,Border Roads Organisation,2017-07-17,https://bro.gov.in/dispatches,,Tier 1,Alaknanda waters swelled rapidly at Vishnuprayag washing away river berms and cutting off access to Badrinath,high,BRO public clearance bulletins and USDMA situational alerts.
CHAMOLI-FLD-2018-001,2018-07-20,,2018,7,Chamoli,Uttarakhand,Joshimath,,Lambagar,Alaknanda,Alaknanda,flash_flood,cloudburst,moderate,A seasonal nallah in Lambagar overflowed violently following cloudburst bringing muck onto the road and into houses.,,0,,3,NH-58 inundated with 4 feet of debris and muck blocking movement,Agricultural plots adjoining stream damaged,Shops along highway inundated with silt,,30.6402,79.5516,village,Survey of India Open Series Map geocoding,Heavy Rainfall and Blockade Reports in Chamoli,Disaster Mitigation and Management Centre Uttarakhand,2018-07-22,https://dmmc.uk.gov.in/files/pdf/monsoon_2018.pdf,,Tier 1,Cloudburst at Lambagar caused flash flooding in local stream carrying heavy mud onto NH-58 and into shops,high,DMMC monsoon logs and district magistrate traffic advisories.
CHAMOLI-FLD-2019-001,2019-08-18,2019-08-19,2019,8,Chamoli,Uttarakhand,Ghat,,Mokh Malla,Chuflagad tributary,Nandakini,flash_flood,cloudburst,severe,Intense cloudburst spawned torrential debris flows and flash flooding down mountain channels submerging homes in Mokh Malla.,,1,2,5,Footpaths and primary trail destroyed,Terraced paddy fields destroyed by sediment deposition,Water supply pipelines and livestock shelters washed away,,30.2482,79.4891,village,Census of India 2011 Village Registry geocoded,Chamoli District Emergency Operation Centre SitRep,District Disaster Management Authority Chamoli,2019-08-20,https://chamoli.gov.in/deoc-sitrep-aug-2019,,Tier 1,Cloudburst in Ghat block led to flash floods in Mokh Malla village resulting in house damage and loss of life,high,DDMA Chamoli daily emergency relief bulletin.
CHAMOLI-FLD-2019-002,2019-08-18,2019-08-19,2019,8,Chamoli,Uttarakhand,Ghat,,Aali village,Chuflagad tributary,Nandakini,flash_flood,cloudburst,severe,Torrential runoff entered Aali village washing away residential buildings and burying agricultural plots under boulders.,,2,,6,Village pedestrian bridge washed away,Terrace farms washed out,Electric poles and boundary walls damaged,,30.2612,79.4754,village,Census of India 2011 Village Registry geocoded,Chamoli Disaster SitRep - August 2019 Cloudbursts,Uttarakhand State Disaster Management Authority,2019-08-21,https://usdma.uk.gov.in/sitreps-2019,,Tier 1,Severe flooding and land slips triggered by cloudburst reported from Aali village in Ghat area,high,USDMA official casualty and damage register.
CHAMOLI-FLD-2021-001,2021-02-07,2021-02-08,2021,2,Chamoli,Uttarakhand,Joshimath,,Raini (Reni),Rishiganga,Rishiganga,flash_flood,debris_flow_flood,extreme,Catastrophic rock and ice avalanche from Ronti peak caused a massive flash flood/debris flow along Rishiganga obliterating the Rishiganga Hydroelectric Project and Raini bridges.,,35,,5,Historic Raini bridge on Joshimath-Malari highway destroyed and 4 pedestrian bridges swept away,Total stripping of riparian agricultural banks,13.2 MW Rishiganga power project destroyed river gauging stations swept away,,30.4851,79.6917,village,High-resolution ISRO-NRSC / Science 2021 GIS mapping,A massive rock and ice avalanche caused the 2021 disaster at Chamoli Indian Himalaya,Science (AAAS) / Shugar et al.,2021-05-11,https://doi.org/10.1126/science.abh4455,https://www.nrsc.gov.in/Chamoli_Disaster_2021,Tier 2,The debris flow swept down the Rishiganga valley destroying the Rishiganga HEP and the road bridge at Reni village,high,Peer-reviewed multi-institution scientific consensus (Science paper) and official NRSC satellite audit.
CHAMOLI-FLD-2021-002,2021-02-07,2021-02-08,2021,2,Chamoli,Uttarakhand,Joshimath,,Tapovan,Dhauliganga,Dhauliganga,flash_flood,debris_flow_flood,extreme,Debris flood wave propagated down Dhauliganga completely overwhelming the NTPC Tapovan-Vishnugad hydro project site trapping workers in intake tunnels and burying barrages under meters of sediment.,,150,,12,Tapovan suspension bridge destroyed and approach roads buried,Extensive destruction of agricultural parcels along river valley,NTPC 520 MW Tapovan-Vishnugad project barrage completely silted tunnel network flooded and destroyed,100,30.4947,79.6304,village,High-resolution ISRO-NRSC / Science 2021 GIS mapping,Satellite-based assessment of 7 February 2021 Chamoli Disaster,National Remote Sensing Centre (ISRO),2021-02-15,https://www.nrsc.gov.in/Chamoli_Disaster_2021,https://doi.org/10.1126/science.abh4455,Tier 1,At Tapovan the hyperconcentrated flow overtopped the barrage of the Tapovan Vishnugad project drowning workers in the headrace tunnel,high,Conclusive multi-agency validation from NDRF
CHAMOLI-FLD-2021-003,2021-04-23,,2021,4,Chamoli,Uttarakhand,Joshimath,,Sumna,Sumna stream / Dhauliganga tributary,Dhauliganga,flash_flood,extreme_rainfall,severe,Snow avalanche combined with sudden melt runoff triggered high-velocity slurry flood over BRO labour camp near Sumna along the Rimkhim road.,,15,,0,BRO road formations washed away in stretches,,Labour accommodation containers and earth-moving machinery buried under flood slurry,384,30.6833,79.8833,locality,Border Roads Organisation / Survey of India,Sumna Avalanche and Flash Flood Assessment,Press Information Bureau (Ministry of Defence),2021-04-25,https://pib.gov.in/PressReleasePage.aspx?PRID=1713912,,Tier 1,A snow slurry flash flood hit the BRO camp at Sumna in Joshimath sector of Chamoli district following heavy blizzards and runoff,high,Official Ministry of Defence / Army press dispatches.
CHAMOLI-FLD-2021-004,2021-06-19,,2021,6,Chamoli,Uttarakhand,Joshimath,,Reni upstream / Rishiganga,Rishiganga,Rishiganga,flash_flood,landslide_dam_breach,severe,Breach of the artificial lake formed on Rishiganga post-February disaster triggered sudden flash flooding downstream at Reni damaging the newly constructed bailey bridge embankment.,,0,,0,Bailey bridge approach on Joshimath-Malari road threatened and temporarily closed,Erosion of freshly deposited terrace alluvium,Temporary restoration work and machinery evacuated,,30.4851,79.6917,village,ISRO-NRSC & State Disaster Management Authority,Rishiganga Artificial Lake Inundation Alert,Uttarakhand State Disaster Management Authority,2021-06-20,https://usdma.uk.gov.in/lake-breach-2021,,Tier 1,Water level in Rishiganga lake rose abruptly and breached channel leading to fresh flash flood scares at Reni village,high,Continuous sensor monitoring by SDRF and CWC confirmed the breach runoff.
CHAMOLI-FLD-2021-005,2021-10-18,2021-10-20,2021,10,Chamoli,Uttarakhand,Joshimath,,Badrinath town riverbanks,Alaknanda,Alaknanda,river_flood,extreme_rainfall,moderate,Unprecedented October cyclonic downpour caused Alaknanda to overflow into the lower perimeter of Badrinath town submerging bathing ghats and parking spaces.,,0,,2,Badrinath highway cut off at Lambagar by torrential overflow,,Riverside pathways and bathing ghats submerged under rapid silted current,150,30.7433,79.4938,town,Survey of India geocoding,Post-Event SitRep on October 2021 Western Disturbance Flooding,State Emergency Operations Centre Uttarakhand,2021-10-22,https://usdma.uk.gov.in/october-2021-flood-report,,Tier 1,Alaknanda river reached warning levels entering lower sections of Badrinath town and inundating ghats,high,Exceptional late-monsoon/October Western Disturbance extreme weather event.
CHAMOLI-FLD-2022-001,2022-08-19,2022-08-20,2022,8,Chamoli,Uttarakhand,Tharali,,Pranmati valley / Chepado village,Pranmati,Pindar,flash_flood,cloudburst,severe,Cloudburst in Pranmati river catchment triggered a destructive flash flood washing away local footbridges and damaging houses along riverbanks.,,0,,8,Motorable bridge approach at Chepado damaged and 2 culverts washed away,Large tracts of agricultural terraces washed out along Pranmati,Drinking water installations and irrigation canals smashed,,30.0812,79.5234,village,Census of India 2011 Village Registry geocoded,District Situation Bulletin on Pranmati Flash Flood,District Disaster Management Authority Chamoli,2022-08-21,https://chamoli.gov.in/pranmati-flood-2022,,Tier 1,Flash flood in Pranmati river following cloudburst washed away agricultural fields and damaged houses in Chepado village,high,Official daily report issued by Chamoli District Magistrate.
CHAMOLI-FLD-2023-001,2023-07-19,,2023,7,Chamoli,Uttarakhand,Chamoli,,Sewan village / Pipalkoti,Local stream / Alaknanda tributary,Alaknanda,flash_flood,extreme_rainfall,moderate,Sudden stream swelling generated mudflows into Sewan village inundating residential buildings and dumping heavy sediment onto connecting roads.,,0,,3,Badrinath NH-58 blocked near Pipalkoti due to debris inundation,Farmland eroded along stream banks,Boundary walls and residential basements silted,,30.4312,79.4289,village,Census of India 2011 Village Registry geocoded,Daily Disaster Bulletin: Chamoli Monsoon Impacts,Uttarakhand State Disaster Management Authority,2023-07-20,https://usdma.uk.gov.in/sitrep-july-2023,,Tier 1,Flash flood in local stream near Pipalkoti brought debris into Sewan village affecting houses and closing NH,high,Monitored live by District Disaster Emergency Center Chamoli.
CHAMOLI-FLD-2023-002,2023-08-13,2023-08-14,2023,8,Chamoli,Uttarakhand,Tharali,,Tharali / Sagardanga,Pindar,Pindar,flash_flood,cloudburst,severe,Torrential midnight cloudburst caused sudden flash flood inundating Tharali tehsil complex market areas and burying vehicles.,,1,2,12,Bridges connecting Tharali to Gwaldam blocked by massive boulders,Extensive erosion of riparian agricultural soil,Tehsil premises and police station premises flooded with 3 feet of silt and water,50,30.0631,79.4975,town,Survey of India Open Series Map geocoding,DDMA SitRep: Tharali Cloudburst and Inundation,District Magistrate Office Chamoli,2023-08-15,https://chamoli.gov.in/sitrep-tharali-cloudburst-2023,,Tier 1,"Midnight cloudburst in Tharali led to flash flood inundating government buildings, market shops, and residential premises",high,On-site inspection conducted by Chamoli District Administration and SDRF rescue squads.
CHAMOLI-FLD-2024-001,2024-07-31,2024-08-01,2024,7,Chamoli,Uttarakhand,Joshimath,,Vishnuprayag to Helang belt,Alaknanda,Alaknanda,river_flood,extreme_rainfall,severe,Heavy continuous cloudburst rains caused the Alaknanda and feeder tributaries to rise dramatically eroding highway foundations and flooding riverside utilities.,,0,,2,NH-58 washed out in segments between Joshimath and Helang,Erosion of low-level terraced orchards,Heavy machinery and processing units inundated at river bank sites,,30.5342,79.5121,locality,Survey of India Open Series Map geocoding,Incident Action Report: July 31 Cloudburst across Garhwal,State Disaster Management Authority Uttarakhand,2024-08-02,https://usdma.uk.gov.in/sitrep-aug-2024,,Tier 1,Severe river swell in Alaknanda basin inundated road infrastructure and triggered localized flash floods along tributary streams,high,Joint SDRF/NDRF highway clearance log during late-July 2024 monsoon storms.
CHAMOLI-FLD-2025-001,2025-08-14,,2025,8,Chamoli,Uttarakhand,Dewal,,Manmati village,Kail river / Pindar tributary,Pindar,flash_flood,cloudburst,severe,Localized cloudburst in high catchment spawned sudden flash flood in Kail river washing out footpaths and flooding several residential dwellings.,,0,,5,1 motor road culvert washed away isolating village,Agricultural terraces completely swept away by flood torrent,3 cowsheds destroyed and village drinking water network ruined,35,30.0456,79.6128,village,Census of India 2011 Village Registry geocoded,Monsoon Incident Log August 2025,State Emergency Operations Centre (SEOC) Dehradun,2025-08-16,https://usdma.uk.gov.in/seoc-log-2025,,Tier 1,Flash flood in Kail river caused by localized cloudburst inundated lower residential clusters in Manmati village,high,Official daily SEOC incident database record for Chamoli.
